<ImportExportXml version="9.2.23073.158" SolutionPackageVersion="9.2" languagecode="1033" generatedBy="CrmLive" xmlns:xsi="http://www.w3.org/2001/XMLSchema-instance">
  <SolutionManifest>
    <UniqueName>LargeExcelUploadDemo</UniqueName>
    <LocalizedNames>
      <LocalizedName description="LargeExcelUploadDemo" languagecode="1033" />
    </LocalizedNames>
    <Descriptions />
    <Version>1.0.0.4</Version>
    <Managed>0</Managed>
    <Publisher>
      <UniqueName>catdemo</UniqueName>
      <LocalizedNames>
        <LocalizedName description="CAT Demo" languagecode="1033" />
      </LocalizedNames>
      <Descriptions />
      <EMailAddress xsi:nil="true"></EMailAddress>
      <SupportingWebsiteUrl xsi:nil="true"></SupportingWebsiteUrl>
      <CustomizationPrefix>cat</CustomizationPrefix>
      <CustomizationOptionValuePrefix>76486</CustomizationOptionValuePrefix>
      <Addresses>
        <Address>
          <AddressNumber>1</AddressNumber>
          <AddressTypeCode>1</AddressTypeCode>
          <City xsi:nil="true"></City>
          <County xsi:nil="true"></County>
          <Country xsi:nil="true"></Country>
          <Fax xsi:nil="true"></Fax>
          <FreightTermsCode xsi:nil="true"></FreightTermsCode>
          <ImportSequenceNumber xsi:nil="true"></ImportSequenceNumber>
          <Latitude xsi:nil="true"></Latitude>
          <Line1 xsi:nil="true"></Line1>
          <Line2 xsi:nil="true"></Line2>
          <Line3 xsi:nil="true"></Line3>
          <Longitude xsi:nil="true"></Longitude>
          <Name xsi:nil="true"></Name>
          <PostalCode xsi:nil="true"></PostalCode>
          <PostOfficeBox xsi:nil="true"></PostOfficeBox>
          <PrimaryContactName xsi:nil="true"></PrimaryContactName>
          <ShippingMethodCode>1</ShippingMethodCode>
          <StateOrProvince xsi:nil="true"></StateOrProvince>
          <Telephone1 xsi:nil="true"></Telephone1>
          <Telephone2 xsi:nil="true"></Telephone2>
          <Telephone3 xsi:nil="true"></Telephone3>
          <TimeZoneRuleVersionNumber xsi:nil="true"></TimeZoneRuleVersionNumber>
          <UPSZone xsi:nil="true"></UPSZone>
          <UTCOffset xsi:nil="true"></UTCOffset>
          <UTCConversionTimeZoneCode xsi:nil="true"></UTCConversionTimeZoneCode>
        </Address>
        <Address>
          <AddressNumber>2</AddressNumber>
          <AddressTypeCode>1</AddressTypeCode>
          <City xsi:nil="true"></City>
          <County xsi:nil="true"></County>
          <Country xsi:nil="true"></Country>
          <Fax xsi:nil="true"></Fax>
          <FreightTermsCode xsi:nil="true"></FreightTermsCode>
          <ImportSequenceNumber xsi:nil="true"></ImportSequenceNumber>
          <Latitude xsi:nil="true"></Latitude>
          <Line1 xsi:nil="true"></Line1>
          <Line2 xsi:nil="true"></Line2>
          <Line3 xsi:nil="true"></Line3>
          <Longitude xsi:nil="true"></Longitude>
          <Name xsi:nil="true"></Name>
          <PostalCode xsi:nil="true"></PostalCode>
          <PostOfficeBox xsi:nil="true"></PostOfficeBox>
          <PrimaryContactName xsi:nil="true"></PrimaryContactName>
          <ShippingMethodCode>1</ShippingMethodCode>
          <StateOrProvince xsi:nil="true"></StateOrProvince>
          <Telephone1 xsi:nil="true"></Telephone1>
          <Telephone2 xsi:nil="true"></Telephone2>
          <Telephone3 xsi:nil="true"></Telephone3>
          <TimeZoneRuleVersionNumber xsi:nil="true"></TimeZoneRuleVersionNumber>
          <UPSZone xsi:nil="true"></UPSZone>
          <UTCOffset xsi:nil="true"></UTCOffset>
          <UTCConversionTimeZoneCode xsi:nil="true"></UTCConversionTimeZoneCode>
        </Address>
      </Addresses>
    </Publisher>
    <RootComponents>
      <RootComponent type="1" schemaName="cat_demotransaction" behavior="0" />
      <RootComponent type="1" schemaName="cat_demoupload" behavior="0" />
      <RootComponent type="1" schemaName="cat_demouploadprogress" behavior="0" />
      <RootComponent type="1" schemaName="cat_demouploadsettings" behavior="0" />
      <RootComponent type="29" id="{28ca22c1-6b2f-ee11-bdf3-000d3aa36472}" behavior="0" />
      <RootComponent type="29" id="{7040b693-0a30-ee11-bdf3-000d3aa36472}" behavior="0" />
      <RootComponent type="29" id="{a8ecaa0c-2630-ee11-bdf3-000d3aa36472}" behavior="0" />
      <RootComponent type="62" schemaName="cat_BulkIngestionDemo" behavior="0" />
      <RootComponent type="80" schemaName="cat_BulkIngestionDemo" behavior="0" />
      <RootComponent type="300" schemaName="cat_demoexcelupload_423ed" behavior="0" />
    </RootComponents>
    <MissingDependencies>
      <MissingDependency>
        <Required type="181" schemaName="NonRelational Data Provider" displayName="NonRelational Data Provider" solution="NonRelationalDataProvider (9.0.0.1275)" id="{1d9bde74-9ebd-4da9-8ff5-aa74945b9f74}" />
        <Dependent type="1" schemaName="cat_demotransaction" displayName="DemoTransaction" />
      </MissingDependency>
      <MissingDependency>
        <Required type="181" schemaName="NonRelational Data Provider" displayName="NonRelational Data Provider" solution="NonRelationalDataProvider (9.0.0.1275)" id="{1d9bde74-9ebd-4da9-8ff5-aa74945b9f74}" />
        <Dependent type="1" schemaName="cat_demouploadprogress" displayName="DemoUploadProgress" />
      </MissingDependency>
      <MissingDependency>
        <Required type="183" schemaName="NonRelational Data Provider" displayName="NonRelational Data Provider" solution="NonRelationalDataProvider (9.0.0.1275)" id="{19897b6e-b2c2-461c-8f32-5a2413028030}" />
        <Dependent type="1" schemaName="cat_demotransaction" displayName="DemoTransaction" />
      </MissingDependency>
      <MissingDependency>
        <Required type="183" schemaName="NonRelational Data Provider" displayName="NonRelational Data Provider" solution="NonRelationalDataProvider (9.0.0.1275)" id="{19897b6e-b2c2-461c-8f32-5a2413028030}" />
        <Dependent type="1" schemaName="cat_demouploadprogress" displayName="DemoUploadProgress" />
      </MissingDependency>
      <MissingDependency>
        <Required type="372" schemaName="msdemo_excelhelper" displayName="ExcelHelper" solution="Active" id="{7f8c1e87-283f-4b35-acf8-4791e879e615}" />
        <Dependent type="29" displayName="DemoUpload | InitializeUpload" id="{7040b693-0a30-ee11-bdf3-000d3aa36472}" />
      </MissingDependency>
      <MissingDependency>
        <Required type="372" schemaName="msdemo_excelhelper" displayName="ExcelHelper" solution="Active" id="{7f8c1e87-283f-4b35-acf8-4791e879e615}" />
        <Dependent type="connectionreference" displayName="cat_DemoUploadExcelHelper" id.connectionreferencelogicalname="cat_DemoUploadExcelHelper" />
      </MissingDependency>
      <MissingDependency>
        <Required type="61" schemaName="msdyn_/Images/AppModule_Default_Icon.png" displayName="msdyn_/Images/AppModule_Default_Icon.png" solution="AppModuleWebResources (2.5)" />
        <Dependent type="80" schemaName="cat_BulkIngestionDemo" displayName="BulkIngestion Demo" />
      </MissingDependency>
    </MissingDependencies>
  </SolutionManifest>
</ImportExportXml>